species,ability
SPECIES_BULBASAUR,ABILITY_CHLOROPHYLL
SPECIES_IVYSAUR,ABILITY_CHLOROPHYLL
SPECIES_VENUSAUR,ABILITY_CHLOROPHYLL
SPECIES_CHARMANDER,ABILITY_SOLAR_POWER
SPECIES_CHARMELEON,ABILITY_SOLAR_POWER
SPECIES_CHARIZARD,ABILITY_SOLAR_POWER
SPECIES_SQUIRTLE,ABILITY_RAIN_DISH
SPECIES_WARTORTLE,ABILITY_RAIN_DISH
SPECIES_BLASTOISE,ABILITY_RAIN_DISH
SPECIES_CATERPIE,ABILITY_RUN_AWAY
SPECIES_METAPOD,ABILITY_SHED_SKIN
SPECIES_BUTTERFREE,ABILITY_TINTED_LENS
SPECIES_WEEDLE,ABILITY_RUN_AWAY
SPECIES_KAKUNA,ABILITY_SHED_SKIN
SPECIES_BEEDRILL,ABILITY_SNIPER
SPECIES_PIDGEY,ABILITY_BIG_PECKS
SPECIES_PIDGEOTTO,ABILITY_BIG_PECKS
SPECIES_PIDGEOT,ABILITY_BIG_PECKS
SPECIES_RATTATA,ABILITY_HUSTLE
SPECIES_RATICATE,ABILITY_HUSTLE
SPECIES_SPEAROW,ABILITY_SNIPER
SPECIES_FEAROW,ABILITY_SNIPER
SPECIES_EKANS,ABILITY_UNNERVE
SPECIES_ARBOK,ABILITY_UNNERVE
SPECIES_PIKACHU,ABILITY_LIGHTNING_ROD
SPECIES_RAICHU,ABILITY_LIGHTNING_ROD
SPECIES_SANDSHREW,ABILITY_SAND_RUSH
SPECIES_SANDSLASH,ABILITY_SAND_RUSH
SPECIES_NIDORAN_F,ABILITY_HUSTLE
SPECIES_NIDORINA,ABILITY_HUSTLE
SPECIES_NIDOQUEEN,ABILITY_SHEER_FORCE
SPECIES_NIDORAN_M,ABILITY_HUSTLE
SPECIES_NIDORINO,ABILITY_HUSTLE
SPECIES_NIDOKING,ABILITY_SHEER_FORCE
SPECIES_CLEFAIRY,ABILITY_FRIEND_GUARD
SPECIES_CLEFABLE,ABILITY_UNAWARE
SPECIES_VULPIX,ABILITY_DROUGHT
SPECIES_NINETALES,ABILITY_DROUGHT
SPECIES_JIGGLYPUFF,ABILITY_FRIEND_GUARD
SPECIES_WIGGLYTUFF,ABILITY_FRISK
SPECIES_ZUBAT,ABILITY_INFILTRATOR
SPECIES_GOLBAT,ABILITY_INFILTRATOR
SPECIES_ODDISH,ABILITY_RUN_AWAY
SPECIES_GLOOM,ABILITY_STENCH
SPECIES_VILEPLUME,ABILITY_EFFECT_SPORE
SPECIES_PARAS,ABILITY_DAMP
SPECIES_PARASECT,ABILITY_DAMP
SPECIES_VENONAT,ABILITY_RUN_AWAY
SPECIES_VENOMOTH,ABILITY_WONDER_SKIN
SPECIES_DIGLETT,ABILITY_SAND_FORCE
SPECIES_DUGTRIO,ABILITY_SAND_FORCE
SPECIES_MEOWTH,ABILITY_UNNERVE
SPECIES_PERSIAN,ABILITY_UNNERVE
SPECIES_PSYDUCK,ABILITY_SWIFT_SWIM
SPECIES_GOLDUCK,ABILITY_SWIFT_SWIM
SPECIES_MANKEY,ABILITY_DEFIANT
SPECIES_PRIMEAPE,ABILITY_DEFIANT
SPECIES_GROWLITHE,ABILITY_JUSTIFIED
SPECIES_ARCANINE,ABILITY_JUSTIFIED
SPECIES_POLIWAG,ABILITY_SWIFT_SWIM
SPECIES_POLIWHIRL,ABILITY_SWIFT_SWIM
SPECIES_POLIWRATH,ABILITY_SWIFT_SWIM
SPECIES_ABRA,ABILITY_MAGIC_GUARD
SPECIES_KADABRA,ABILITY_MAGIC_GUARD
SPECIES_ALAKAZAM,ABILITY_TRACE
SPECIES_MACHOP,ABILITY_STEADFAST
SPECIES_MACHOKE,ABILITY_STEADFAST
SPECIES_MACHAMP,ABILITY_STEADFAST
SPECIES_BELLSPROUT,ABILITY_GLUTTONY
SPECIES_WEEPINBELL,ABILITY_GLUTTONY
SPECIES_VICTREEBEL,ABILITY_GLUTTONY
SPECIES_TENTACOOL,ABILITY_RAIN_DISH
SPECIES_TENTACRUEL,ABILITY_RAIN_DISH
SPECIES_GEODUDE,ABILITY_SAND_VEIL
SPECIES_GRAVELER,ABILITY_SAND_VEIL
SPECIES_GOLEM,ABILITY_SAND_VEIL
SPECIES_PONYTA,ABILITY_FLAME_BODY
SPECIES_RAPIDASH,ABILITY_FLAME_BODY
SPECIES_SLOWPOKE,ABILITY_REGENERATOR
SPECIES_SLOWBRO,ABILITY_REGENERATOR
SPECIES_MAGNEMITE,ABILITY_ANALYTIC
SPECIES_MAGNETON,ABILITY_ANALYTIC
SPECIES_FARFETCHD,ABILITY_DEFIANT
SPECIES_DODUO,ABILITY_TANGLED_FEET
SPECIES_DODRIO,ABILITY_TANGLED_FEET
SPECIES_SEEL,ABILITY_ICE_BODY
SPECIES_DEWGONG,ABILITY_ICE_BODY
SPECIES_GRIMER,ABILITY_POISON_TOUCH
SPECIES_MUK,ABILITY_POISON_TOUCH
SPECIES_SHELLDER,ABILITY_OVERCOAT
SPECIES_CLOYSTER,ABILITY_OVERCOAT
SPECIES_GASTLY,ABILITY_LEVITATE
SPECIES_HAUNTER,ABILITY_LEVITATE
SPECIES_GENGAR,ABILITY_LEVITATE
SPECIES_ONIX,ABILITY_WEAK_ARMOR
SPECIES_DROWZEE,ABILITY_INNER_FOCUS
SPECIES_HYPNO,ABILITY_INNER_FOCUS
SPECIES_KRABBY,ABILITY_SHEER_FORCE
SPECIES_KINGLER,ABILITY_SHEER_FORCE
SPECIES_VOLTORB,ABILITY_AFTERMATH
SPECIES_ELECTRODE,ABILITY_AFTERMATH
SPECIES_EXEGGCUTE,ABILITY_HARVEST
SPECIES_EXEGGUTOR,ABILITY_HARVEST
SPECIES_CUBONE,ABILITY_BATTLE_ARMOR
SPECIES_MAROWAK,ABILITY_ROCK_HEAD
SPECIES_HITMONLEE,ABILITY_UNBURDEN
SPECIES_HITMONCHAN,ABILITY_IRON_FIST
SPECIES_LICKITUNG,ABILITY_CLOUD_NINE
SPECIES_KOFFING,ABILITY_STENCH
SPECIES_WEEZING,ABILITY_STENCH
SPECIES_RHYHORN,ABILITY_RECKLESS
SPECIES_RHYDON,ABILITY_RECKLESS
SPECIES_CHANSEY,ABILITY_HEALER
SPECIES_TANGELA,ABILITY_REGENERATOR
SPECIES_KANGASKHAN,ABILITY_INNER_FOCUS
SPECIES_HORSEA,ABILITY_DAMP
SPECIES_SEADRA,ABILITY_DAMP
SPECIES_GOLDEEN,ABILITY_LIGHTNING_ROD
SPECIES_SEAKING,ABILITY_LIGHTNING_ROD
SPECIES_STARYU,ABILITY_ANALYTIC
SPECIES_STARMIE,ABILITY_ANALYTIC
SPECIES_MR_MIME,ABILITY_TECHNICIAN
SPECIES_SCYTHER,ABILITY_STEADFAST
SPECIES_JYNX,ABILITY_DRY_SKIN
SPECIES_ELECTABUZZ,ABILITY_VITAL_SPIRIT
SPECIES_MAGMAR,ABILITY_VITAL_SPIRIT
SPECIES_PINSIR,ABILITY_MOXIE
SPECIES_TAUROS,ABILITY_SHEER_FORCE
SPECIES_MAGIKARP,ABILITY_RATTLED
SPECIES_GYARADOS,ABILITY_MOXIE
SPECIES_LAPRAS,ABILITY_HYDRATION
SPECIES_EEVEE,ABILITY_ANTICIPATION
SPECIES_VAPOREON,ABILITY_HYDRATION
SPECIES_JOLTEON,ABILITY_QUICK_FEET
SPECIES_FLAREON,ABILITY_GUTS
SPECIES_PORYGON,ABILITY_ANALYTIC
SPECIES_OMANYTE,ABILITY_WEAK_ARMOR
SPECIES_OMASTAR,ABILITY_WEAK_ARMOR
SPECIES_KABUTO,ABILITY_WEAK_ARMOR
SPECIES_KABUTOPS,ABILITY_WEAK_ARMOR
SPECIES_AERODACTYL,ABILITY_UNNERVE
SPECIES_SNORLAX,ABILITY_GLUTTONY
SPECIES_ARTICUNO,ABILITY_SNOW_CLOAK
SPECIES_ZAPDOS,ABILITY_LIGHTNING_ROD
SPECIES_MOLTRES,ABILITY_FLAME_BODY
SPECIES_DRATINI,ABILITY_MARVEL_SCALE
SPECIES_DRAGONAIR,ABILITY_MARVEL_SCALE
SPECIES_DRAGONITE,ABILITY_MULTISCALE
SPECIES_CHIKORITA,ABILITY_LEAF_GUARD
SPECIES_BAYLEEF,ABILITY_LEAF_GUARD
SPECIES_MEGANIUM,ABILITY_LEAF_GUARD
SPECIES_CYNDAQUIL,ABILITY_FLASH_FIRE
SPECIES_QUILAVA,ABILITY_FLASH_FIRE
SPECIES_TYPHLOSION,ABILITY_FLASH_FIRE
SPECIES_TOTODILE,ABILITY_SHEER_FORCE
SPECIES_CROCONAW,ABILITY_SHEER_FORCE
SPECIES_FERALIGATR,ABILITY_SHEER_FORCE
SPECIES_SENTRET,ABILITY_FRISK
SPECIES_FURRET,ABILITY_FRISK
SPECIES_HOOTHOOT,ABILITY_TINTED_LENS
SPECIES_NOCTOWL,ABILITY_TINTED_LENS
SPECIES_LEDYBA,ABILITY_RATTLED
SPECIES_LEDIAN,ABILITY_IRON_FIST
SPECIES_SPINARAK,ABILITY_SNIPER
SPECIES_ARIADOS,ABILITY_SNIPER
SPECIES_CROBAT,ABILITY_INFILTRATOR
SPECIES_CHINCHOU,ABILITY_WATER_ABSORB
SPECIES_LANTURN,ABILITY_WATER_ABSORB
SPECIES_PICHU,ABILITY_LIGHTNING_ROD
SPECIES_CLEFFA,ABILITY_FRIEND_GUARD
SPECIES_IGGLYBUFF,ABILITY_FRIEND_GUARD
SPECIES_TOGEPI,ABILITY_SUPER_LUCK
SPECIES_TOGETIC,ABILITY_SUPER_LUCK
SPECIES_NATU,ABILITY_MAGIC_BOUNCE
SPECIES_XATU,ABILITY_MAGIC_BOUNCE
SPECIES_MAREEP,ABILITY_PLUS
SPECIES_FLAAFFY,ABILITY_PLUS
SPECIES_AMPHAROS,ABILITY_PLUS
SPECIES_BELLOSSOM,ABILITY_CHLOROPHYLL
SPECIES_MARILL,ABILITY_SAP_SIPPER
SPECIES_AZUMARILL,ABILITY_SAP_SIPPER
SPECIES_SUDOWOODO,ABILITY_RATTLED
SPECIES_POLITOED,ABILITY_DRIZZLE
SPECIES_HOPPIP,ABILITY_INFILTRATOR
SPECIES_SKIPLOOM,ABILITY_INFILTRATOR
SPECIES_JUMPLUFF,ABILITY_INFILTRATOR
SPECIES_AIPOM,ABILITY_SKILL_LINK
SPECIES_SUNKERN,ABILITY_EARLY_BIRD
SPECIES_SUNFLORA,ABILITY_EARLY_BIRD
SPECIES_YANMA,ABILITY_FRISK
SPECIES_WOOPER,ABILITY_UNAWARE
SPECIES_QUAGSIRE,ABILITY_UNAWARE
SPECIES_ESPEON,ABILITY_MAGIC_BOUNCE
SPECIES_UMBREON,ABILITY_INNER_FOCUS
SPECIES_MURKROW,ABILITY_PRANKSTER
SPECIES_SLOWKING,ABILITY_REGENERATOR
SPECIES_MISDREAVUS,ABILITY_CURSED_BODY
SPECIES_WOBBUFFET,ABILITY_TELEPATHY
SPECIES_GIRAFARIG,ABILITY_SAP_SIPPER
SPECIES_PINECO,ABILITY_OVERCOAT
SPECIES_FORRETRESS,ABILITY_OVERCOAT
SPECIES_DUNSPARCE,ABILITY_RATTLED
SPECIES_GLIGAR,ABILITY_IMMUNITY
SPECIES_STEELIX,ABILITY_SHEER_FORCE
SPECIES_SNUBBULL,ABILITY_RATTLED
SPECIES_GRANBULL,ABILITY_RATTLED
SPECIES_QWILFISH,ABILITY_INTIMIDATE
SPECIES_SCIZOR,ABILITY_LIGHT_METAL
SPECIES_SHUCKLE,ABILITY_CONTRARY
SPECIES_HERACROSS,ABILITY_MOXIE
SPECIES_SNEASEL,ABILITY_PICKPOCKET
SPECIES_TEDDIURSA,ABILITY_HONEY_GATHER
SPECIES_URSARING,ABILITY_UNNERVE
SPECIES_SLUGMA,ABILITY_WEAK_ARMOR
SPECIES_MAGCARGO,ABILITY_WEAK_ARMOR
SPECIES_SWINUB,ABILITY_THICK_FAT
SPECIES_PILOSWINE,ABILITY_THICK_FAT
SPECIES_CORSOLA,ABILITY_REGENERATOR
SPECIES_REMORAID,ABILITY_MOODY
SPECIES_OCTILLERY,ABILITY_MOODY
SPECIES_DELIBIRD,ABILITY_INSOMNIA
SPECIES_MANTINE,ABILITY_WATER_VEIL
SPECIES_SKARMORY,ABILITY_WEAK_ARMOR
SPECIES_HOUNDOUR,ABILITY_UNNERVE
SPECIES_HOUNDOOM,ABILITY_UNNERVE
SPECIES_KINGDRA,ABILITY_DAMP
SPECIES_PHANPY,ABILITY_SAND_VEIL
SPECIES_DONPHAN,ABILITY_SAND_FORCE
SPECIES_PORYGON2,ABILITY_ANALYTIC
SPECIES_STANTLER,ABILITY_SAP_SIPPER
SPECIES_SMEARGLE,ABILITY_MOODY
SPECIES_TYROGUE,ABILITY_STEADFAST
SPECIES_HITMONTOP,ABILITY_STEADFAST
SPECIES_SMOOCHUM,ABILITY_HYDRATION
SPECIES_ELEKID,ABILITY_VITAL_SPIRIT
SPECIES_MAGBY,ABILITY_VITAL_SPIRIT
SPECIES_MILTANK,ABILITY_SAP_SIPPER
SPECIES_BLISSEY,ABILITY_HEALER
SPECIES_RAIKOU,ABILITY_INNER_FOCUS
SPECIES_ENTEI,ABILITY_INNER_FOCUS
SPECIES_SUICUNE,ABILITY_INNER_FOCUS
SPECIES_LARVITAR,ABILITY_SAND_VEIL
SPECIES_PUPITAR,ABILITY_SAND_VEIL
SPECIES_TYRANITAR,ABILITY_UNNERVE
SPECIES_TREECKO,ABILITY_UNBURDEN
SPECIES_GROVYLE,ABILITY_UNBURDEN
SPECIES_SCEPTILE,ABILITY_UNBURDEN
SPECIES_TORCHIC,ABILITY_SPEED_BOOST
SPECIES_COMBUSKEN,ABILITY_SPEED_BOOST
SPECIES_BLAZIKEN,ABILITY_SPEED_BOOST
SPECIES_MUDKIP,ABILITY_DAMP
SPECIES_MARSHTOMP,ABILITY_DAMP
SPECIES_SWAMPERT,ABILITY_DAMP
SPECIES_POOCHYENA,ABILITY_RATTLED
SPECIES_MIGHTYENA,ABILITY_MOXIE
SPECIES_ZIGZAGOON,ABILITY_QUICK_FEET
SPECIES_LINOONE,ABILITY_QUICK_FEET
SPECIES_WURMPLE,ABILITY_RUN_AWAY
SPECIES_SILCOON,ABILITY_NONE
SPECIES_BEAUTIFLY,ABILITY_RIVALRY
SPECIES_CASCOON,ABILITY_NONE
SPECIES_DUSTOX,ABILITY_SHIELD_DUST
SPECIES_LOTAD,ABILITY_OWN_TEMPO
SPECIES_LOMBRE,ABILITY_OWN_TEMPO
SPECIES_LUDICOLO,ABILITY_OWN_TEMPO
SPECIES_SEEDOT,ABILITY_PICKPOCKET
SPECIES_NUZLEAF,ABILITY_PICKPOCKET
SPECIES_SHIFTRY,ABILITY_PICKPOCKET
SPECIES_TAILLOW,ABILITY_SCRAPPY
SPECIES_SWELLOW,ABILITY_SCRAPPY
SPECIES_WINGULL,ABILITY_HYDRATION
SPECIES_PELIPPER,ABILITY_DRIZZLE
SPECIES_RALTS,ABILITY_TELEPATHY
SPECIES_KIRLIA,ABILITY_TELEPATHY
SPECIES_GARDEVOIR,ABILITY_TELEPATHY
SPECIES_SURSKIT,ABILITY_RAIN_DISH
SPECIES_MASQUERAIN,ABILITY_UNNERVE
SPECIES_SHROOMISH,ABILITY_QUICK_FEET
SPECIES_BRELOOM,ABILITY_TECHNICIAN
SPECIES_SLAKOTH,ABILITY_STALL
SPECIES_VIGOROTH,ABILITY_NONE
SPECIES_SLAKING,ABILITY_NONE
SPECIES_NINCADA,ABILITY_RUN_AWAY
SPECIES_NINJASK,ABILITY_INFILTRATOR
SPECIES_SHEDINJA,ABILITY_NONE
SPECIES_WHISMUR,ABILITY_RATTLED
SPECIES_LOUDRED,ABILITY_SCRAPPY
SPECIES_EXPLOUD,ABILITY_SCRAPPY
SPECIES_MAKUHITA,ABILITY_SHEER_FORCE
SPECIES_HARIYAMA,ABILITY_SHEER_FORCE
SPECIES_AZURILL,ABILITY_SAP_SIPPER
SPECIES_NOSEPASS,ABILITY_SAND_FORCE
SPECIES_SKITTY,ABILITY_WONDER_SKIN
SPECIES_DELCATTY,ABILITY_WONDER_SKIN
SPECIES_SABLEYE,ABILITY_PRANKSTER
SPECIES_MAWILE,ABILITY_SHEER_FORCE
SPECIES_ARON,ABILITY_HEAVY_METAL
SPECIES_LAIRON,ABILITY_HEAVY_METAL
SPECIES_AGGRON,ABILITY_HEAVY_METAL
SPECIES_MEDITITE,ABILITY_TELEPATHY
SPECIES_MEDICHAM,ABILITY_TELEPATHY
SPECIES_ELECTRIKE,ABILITY_MINUS
SPECIES_MANECTRIC,ABILITY_MINUS
SPECIES_PLUSLE,ABILITY_LIGHTNING_ROD
SPECIES_MINUN,ABILITY_VOLT_ABSORB
SPECIES_VOLBEAT,ABILITY_PRANKSTER
SPECIES_ILLUMISE,ABILITY_PRANKSTER
SPECIES_ROSELIA,ABILITY_LEAF_GUARD
SPECIES_GULPIN,ABILITY_GLUTTONY
SPECIES_SWALOT,ABILITY_GLUTTONY
SPECIES_CARVANHA,ABILITY_SPEED_BOOST
SPECIES_SHARPEDO,ABILITY_SPEED_BOOST
SPECIES_WAILMER,ABILITY_PRESSURE
SPECIES_WAILORD,ABILITY_PRESSURE
SPECIES_NUMEL,ABILITY_OWN_TEMPO
SPECIES_CAMERUPT,ABILITY_ANGER_POINT
SPECIES_TORKOAL,ABILITY_SHELL_ARMOR
SPECIES_SPOINK,ABILITY_GLUTTONY
SPECIES_GRUMPIG,ABILITY_GLUTTONY
SPECIES_SPINDA,ABILITY_CONTRARY
SPECIES_TRAPINCH,ABILITY_SHEER_FORCE
SPECIES_VIBRAVA,ABILITY_NONE
SPECIES_FLYGON,ABILITY_NONE
SPECIES_CACNEA,ABILITY_WATER_ABSORB
SPECIES_CACTURNE,ABILITY_WATER_ABSORB
SPECIES_SWABLU,ABILITY_CLOUD_NINE
SPECIES_ALTARIA,ABILITY_CLOUD_NINE
SPECIES_ZANGOOSE,ABILITY_TOXIC_BOOST
SPECIES_SEVIPER,ABILITY_INFILTRATOR
SPECIES_LUNATONE,ABILITY_NONE
SPECIES_SOLROCK,ABILITY_NONE
SPECIES_BARBOACH,ABILITY_HYDRATION
SPECIES_WHISCASH,ABILITY_HYDRATION
SPECIES_CORPHISH,ABILITY_ADAPTABILITY
SPECIES_CRAWDAUNT,ABILITY_ADAPTABILITY
SPECIES_BALTOY,ABILITY_NONE
SPECIES_CLAYDOL,ABILITY_NONE
SPECIES_LILEEP,ABILITY_STORM_DRAIN
SPECIES_CRADILY,ABILITY_STORM_DRAIN
SPECIES_ANORITH,ABILITY_SWIFT_SWIM
SPECIES_ARMALDO,ABILITY_SWIFT_SWIM
SPECIES_FEEBAS,ABILITY_ADAPTABILITY
SPECIES_MILOTIC,ABILITY_SAP_SIPPER
SPECIES_CASTFORM,ABILITY_NONE
SPECIES_KECLEON,ABILITY_PROTEAN
SPECIES_SHUPPET,ABILITY_CURSED_BODY
SPECIES_BANETTE,ABILITY_CURSED_BODY
SPECIES_DUSKULL,ABILITY_FRISK
SPECIES_DUSCLOPS,ABILITY_FRISK
SPECIES_TROPIUS,ABILITY_HARVEST
SPECIES_CHIMECHO,ABILITY_HEAL_BELL
SPECIES_ABSOL,ABILITY_JUSTIFIED
SPECIES_SNORUNT,ABILITY_MOODY
SPECIES_GLALIE,ABILITY_MOODY
SPECIES_SPHEAL,ABILITY_ICE_BODY
SPECIES_SEALEO,ABILITY_ICE_BODY
SPECIES_WALREIN,ABILITY_ICE_BODY
SPECIES_CLAMPERL,ABILITY_RATTLED
SPECIES_HUNTAIL,ABILITY_WATER_VEIL
SPECIES_GOREBYSS,ABILITY_HYDRATION
SPECIES_RELICANTH,ABILITY_STURDY
SPECIES_LUVDISC,ABILITY_HYDRATION
SPECIES_BAGON,ABILITY_SHEER_FORCE
SPECIES_SHELGON,ABILITY_OVERCOAT
SPECIES_SALAMENCE,ABILITY_MOXIE
SPECIES_BELDUM,ABILITY_LIGHT_METAL
SPECIES_METANG,ABILITY_LIGHT_METAL
SPECIES_METAGROSS,ABILITY_LIGHT_METAL
SPECIES_REGIROCK,ABILITY_STURDY
SPECIES_REGICE,ABILITY_ICE_BODY
SPECIES_REGISTEEL,ABILITY_LIGHT_METAL
SPECIES_LATIAS,ABILITY_LEVITATE
SPECIES_LATIOS,ABILITY_LEVITATE
SPECIES_KYOGRE,ABILITY_DRIZZLE
SPECIES_GROUDON,ABILITY_DROUGHT
SPECIES_RAYQUAZA,ABILITY_CLOUD_NINE
SPECIES_TURTWIG,ABILITY_SHELL_ARMOR
SPECIES_GROTLE,ABILITY_SHELL_ARMOR
SPECIES_TORTERRA,ABILITY_SHELL_ARMOR
SPECIES_CHIMCHAR,ABILITY_IRON_FIST
SPECIES_MONFERNO,ABILITY_IRON_FIST
SPECIES_INFERNAPE,ABILITY_IRON_FIST
SPECIES_PIPLUP,ABILITY_DEFIANT
SPECIES_PRINPLUP,ABILITY_DEFIANT
SPECIES_EMPOLEON,ABILITY_DEFIANT
SPECIES_STARLY,ABILITY_RECKLESS
SPECIES_STARAVIA,ABILITY_RECKLESS
SPECIES_STARAPTOR,ABILITY_RECKLESS
SPECIES_BIDOOF,ABILITY_MOODY
SPECIES_BIBAREL,ABILITY_MOODY
SPECIES_KRICKETOT,ABILITY_RUN_AWAY
SPECIES_KRICKETUNE,ABILITY_TECHNICIAN
SPECIES_SHINX,ABILITY_GUTS
SPECIES_LUXIO,ABILITY_GUTS
SPECIES_LUXRAY,ABILITY_GUTS
SPECIES_BUDEW,ABILITY_LEAF_GUARD
SPECIES_ROSERADE,ABILITY_TECHNICIAN
SPECIES_CRANIDOS,ABILITY_SHEER_FORCE
SPECIES_RAMPARDOS,ABILITY_SHEER_FORCE
SPECIES_SHIELDON,ABILITY_SOUNDPROOF
SPECIES_BASTIODON,ABILITY_SOUNDPROOF
SPECIES_BURMY,ABILITY_OVERCOAT
SPECIES_WORMADAM,ABILITY_OVERCOAT
SPECIES_MOTHIM,ABILITY_TINTED_LENS
SPECIES_COMBEE,ABILITY_HUSTLE
SPECIES_VESPIQUEN,ABILITY_UNNERVE
SPECIES_PACHIRISU,ABILITY_VOLT_ABSORB
SPECIES_BUIZEL,ABILITY_SWIFT_SWIM
SPECIES_FLOATZEL,ABILITY_SWIFT_SWIM
SPECIES_CHERUBI,ABILITY_NONE
SPECIES_CHERRIM,ABILITY_NONE
SPECIES_SHELLOS,ABILITY_SAND_FORCE
SPECIES_GASTRODON,ABILITY_SAND_FORCE
SPECIES_AMBIPOM,ABILITY_SKILL_LINK
SPECIES_DRIFLOON,ABILITY_FLARE_BOOST
SPECIES_DRIFBLIM,ABILITY_FLARE_BOOST
SPECIES_BUNEARY,ABILITY_LIMBER
SPECIES_LOPUNNY,ABILITY_LIMBER
SPECIES_MISMAGIUS,ABILITY_CURSED_BODY
SPECIES_HONCHKROW,ABILITY_MOXIE
SPECIES_GLAMEOW,ABILITY_OWN_TEMPO
SPECIES_PURUGLY,ABILITY_OWN_TEMPO
SPECIES_CHINGLING,ABILITY_HEAL_BELL
SPECIES_STUNKY,ABILITY_STENCH
SPECIES_SKUNTANK,ABILITY_STENCH
SPECIES_BRONZOR,ABILITY_HEAVY_METAL
SPECIES_BRONZONG,ABILITY_HEAVY_METAL
SPECIES_BONSLY,ABILITY_RATTLED
SPECIES_MIME_JR,ABILITY_TECHNICIAN
SPECIES_HAPPINY,ABILITY_FRIEND_GUARD
SPECIES_CHATOT,ABILITY_BIG_PECKS
SPECIES_SPIRITOMB,ABILITY_NONE
SPECIES_GIBLE,ABILITY_ROUGH_SKIN
SPECIES_GABITE,ABILITY_ROUGH_SKIN
SPECIES_GARCHOMP,ABILITY_ROUGH_SKIN
SPECIES_MUNCHLAX,ABILITY_GLUTTONY
SPECIES_RIOLU,ABILITY_PRANKSTER
SPECIES_LUCARIO,ABILITY_JUSTIFIED
SPECIES_HIPPOPOTAS,ABILITY_SAND_FORCE
SPECIES_HIPPOWDON,ABILITY_SAND_FORCE
SPECIES_SKORUPI,ABILITY_KEEN_EYE
SPECIES_DRAPION,ABILITY_KEEN_EYE
SPECIES_CROAGUNK,ABILITY_POISON_TOUCH
SPECIES_TOXICROAK,ABILITY_POISON_TOUCH
SPECIES_CARNIVINE,ABILITY_NONE
SPECIES_FINNEON,ABILITY_WATER_VEIL
SPECIES_LUMINEON,ABILITY_WATER_VEIL
SPECIES_MANTYKE,ABILITY_WATER_VEIL
SPECIES_SNOVER,ABILITY_SOUNDPROOF
SPECIES_ABOMASNOW,ABILITY_SOUNDPROOF
SPECIES_WEAVILE,ABILITY_PICKPOCKET
SPECIES_MAGNEZONE,ABILITY_ANALYTIC
SPECIES_LICKILICKY,ABILITY_CLOUD_NINE
SPECIES_RHYPERIOR,ABILITY_RECKLESS
SPECIES_TANGROWTH,ABILITY_REGENERATOR
SPECIES_ELECTIVIRE,ABILITY_VITAL_SPIRIT
SPECIES_MAGMORTAR,ABILITY_VITAL_SPIRIT
SPECIES_TOGEKISS,ABILITY_SUPER_LUCK
SPECIES_YANMEGA,ABILITY_SPEED_BOOST
SPECIES_LEAFEON,ABILITY_CHLOROPHYLL
SPECIES_GLACEON,ABILITY_ICE_BODY
SPECIES_GLISCOR,ABILITY_POISON_HEAL
SPECIES_MAMOSWINE,ABILITY_THICK_FAT
SPECIES_PORYGON_Z,ABILITY_ANALYTIC
SPECIES_GALLADE,ABILITY_JUSTIFIED
SPECIES_PROBOPASS,ABILITY_SAND_FORCE
SPECIES_DUSKNOIR,ABILITY_FRISK
SPECIES_FROSLASS,ABILITY_CURSED_BODY
SPECIES_ROTOM,ABILITY_LEVITATE
SPECIES_UXIE,ABILITY_LEVITATE
SPECIES_MESPRIT,ABILITY_LEVITATE
SPECIES_AZELF,ABILITY_LEVITATE
SPECIES_DIALGA,ABILITY_TELEPATHY
SPECIES_PALKIA,ABILITY_TELEPATHY
SPECIES_HEATRAN,ABILITY_FLAME_BODY
SPECIES_REGIGIGAS,ABILITY_SLOW_START
SPECIES_GIRATINA,ABILITY_LEVITATE
SPECIES_CRESSELIA,ABILITY_LEVITATE
SPECIES_DARKRAI,ABILITY_BAD_DREAMS
SPECIES_VICTINI,ABILITY_NONE
SPECIES_SNIVY,ABILITY_CONTRARY
SPECIES_SERVINE,ABILITY_CONTRARY
SPECIES_SERPERIOR,ABILITY_CONTRARY
SPECIES_TEPIG,ABILITY_THICK_FAT
SPECIES_PIGNITE,ABILITY_THICK_FAT
SPECIES_EMBOAR,ABILITY_RECKLESS
SPECIES_OSHAWOTT,ABILITY_SHELL_ARMOR
SPECIES_DEWOTT,ABILITY_SHELL_ARMOR
SPECIES_SAMUROTT,ABILITY_SHELL_ARMOR
SPECIES_PATRAT,ABILITY_ANALYTIC
SPECIES_WATCHOG,ABILITY_ANALYTIC
SPECIES_LILLIPUP,ABILITY_RUN_AWAY
SPECIES_HERDIER,ABILITY_SCRAPPY
SPECIES_STOUTLAND,ABILITY_SCRAPPY
SPECIES_PURRLOIN,ABILITY_PRANKSTER
SPECIES_LIEPARD,ABILITY_PRANKSTER
SPECIES_PANSAGE,ABILITY_OVERGROW
SPECIES_SIMISAGE,ABILITY_OVERGROW
SPECIES_PANSEAR,ABILITY_BLAZE
SPECIES_SIMISEAR,ABILITY_BLAZE
SPECIES_PANPOUR,ABILITY_TORRENT
SPECIES_SIMIPOUR,ABILITY_TORRENT
SPECIES_MUNNA,ABILITY_TELEPATHY
SPECIES_MUSHARNA,ABILITY_TELEPATHY
SPECIES_PIDOVE,ABILITY_RIVALRY
SPECIES_TRANQUILL,ABILITY_RIVALRY
SPECIES_UNFEZANT,ABILITY_RIVALRY
SPECIES_BLITZLE,ABILITY_SAP_SIPPER
SPECIES_ZEBSTRIKA,ABILITY_SAP_SIPPER
SPECIES_ROGGENROLA,ABILITY_SAND_FORCE
SPECIES_BOLDORE,ABILITY_SAND_FORCE
SPECIES_GIGALITH,ABILITY_SAND_STREAM
SPECIES_WOOBAT,ABILITY_SIMPLE
SPECIES_SWOOBAT,ABILITY_SIMPLE
SPECIES_DRILBUR,ABILITY_MOLD_BREAKER
SPECIES_EXCADRILL,ABILITY_MOLD_BREAKER
SPECIES_AUDINO,ABILITY_KLUTZ
SPECIES_TIMBURR,ABILITY_IRON_FIST
SPECIES_GURDURR,ABILITY_IRON_FIST
SPECIES_CONKELDURR,ABILITY_IRON_FIST
SPECIES_TYMPOLE,ABILITY_WATER_ABSORB
SPECIES_PALPITOAD,ABILITY_WATER_ABSORB
SPECIES_SEISMITOAD,ABILITY_WATER_ABSORB
SPECIES_THROH,ABILITY_MOLD_BREAKER
SPECIES_SAWK,ABILITY_MOLD_BREAKER
SPECIES_SEWADDLE,ABILITY_OVERCOAT
SPECIES_SWADLOON,ABILITY_OVERCOAT
SPECIES_LEAVANNY,ABILITY_OVERCOAT
SPECIES_VENIPEDE,ABILITY_SPEED_BOOST
SPECIES_WHIRLIPEDE,ABILITY_SPEED_BOOST
SPECIES_SCOLIPEDE,ABILITY_SPEED_BOOST
SPECIES_COTTONEE,ABILITY_CHLOROPHYLL
SPECIES_WHIMSICOTT,ABILITY_CHLOROPHYLL
SPECIES_PETILIL,ABILITY_LEAF_GUARD
SPECIES_LILLIGANT,ABILITY_LEAF_GUARD
SPECIES_BASCULIN,ABILITY_MOLD_BREAKER
SPECIES_SANDILE,ABILITY_ANGER_POINT
SPECIES_KROKOROK,ABILITY_ANGER_POINT
SPECIES_KROOKODILE,ABILITY_ANGER_POINT
SPECIES_DARUMAKA,ABILITY_INNER_FOCUS
SPECIES_DARMANITAN,ABILITY_ZEN_MODE
SPECIES_MARACTUS,ABILITY_STORM_DRAIN
SPECIES_DWEBBLE,ABILITY_WEAK_ARMOR
SPECIES_CRUSTLE,ABILITY_WEAK_ARMOR
SPECIES_SCRAGGY,ABILITY_INTIMIDATE
SPECIES_SCRAFTY,ABILITY_INTIMIDATE
SPECIES_SIGILYPH,ABILITY_TINTED_LENS
SPECIES_YAMASK,ABILITY_MUMMY
SPECIES_COFAGRIGUS,ABILITY_MUMMY
SPECIES_TIRTOUGA,ABILITY_SWIFT_SWIM
SPECIES_CARRACOSTA,ABILITY_SWIFT_SWIM
SPECIES_ARCHEN,ABILITY_NONE
SPECIES_ARCHEOPS,ABILITY_NONE
SPECIES_TRUBBISH,ABILITY_AFTERMATH
SPECIES_GARBODOR,ABILITY_AFTERMATH
SPECIES_ZORUA,ABILITY_NONE
SPECIES_ZOROARK,ABILITY_NONE
SPECIES_MINCCINO,ABILITY_SKILL_LINK
SPECIES_CINCCINO,ABILITY_SKILL_LINK
SPECIES_GOTHITA,ABILITY_COMPETITIVE
SPECIES_GOTHORITA,ABILITY_COMPETITIVE
SPECIES_GOTHITELLE,ABILITY_COMPETITIVE
SPECIES_SOLOSIS,ABILITY_REGENERATOR
SPECIES_DUOSION,ABILITY_REGENERATOR
SPECIES_REUNICLUS,ABILITY_REGENERATOR
SPECIES_DUCKLETT,ABILITY_HYDRATION
SPECIES_SWANNA,ABILITY_HYDRATION
SPECIES_VANILLITE,ABILITY_WEAK_ARMOR
SPECIES_VANILLISH,ABILITY_WEAK_ARMOR
SPECIES_VANILLUXE,ABILITY_WEAK_ARMOR
SPECIES_DEERLING,ABILITY_SAP_SIPPER
SPECIES_SAWSBUCK,ABILITY_SAP_SIPPER
SPECIES_EMOLGA,ABILITY_NONE
SPECIES_KARRABLAST,ABILITY_SHED_SKIN
SPECIES_ESCAVALIER,ABILITY_OVERCOAT
SPECIES_FOONGUS,ABILITY_REGENERATOR
SPECIES_AMOONGUSS,ABILITY_REGENERATOR
SPECIES_FRILLISH,ABILITY_DAMP
SPECIES_JELLICENT,ABILITY_DAMP
SPECIES_ALOMOMOLA,ABILITY_REGENERATOR
SPECIES_JOLTIK,ABILITY_SWARM
SPECIES_GALVANTULA,ABILITY_SWARM
SPECIES_FERROSEED,ABILITY_IRON_BARBS
SPECIES_FERROTHORN,ABILITY_ANTICIPATION
SPECIES_KLINK,ABILITY_CLEAR_BODY
SPECIES_KLANG,ABILITY_CLEAR_BODY
SPECIES_KLINKLANG,ABILITY_CLEAR_BODY
SPECIES_TYNAMO,ABILITY_LEVITATE
SPECIES_EELEKTRIK,ABILITY_LEVITATE
SPECIES_EELEKTROSS,ABILITY_LEVITATE
SPECIES_ELGYEM,ABILITY_ANALYTIC
SPECIES_BEHEEYEM,ABILITY_ANALYTIC
SPECIES_LITWICK,ABILITY_INFILTRATOR
SPECIES_LAMPENT,ABILITY_INFILTRATOR
SPECIES_CHANDELURE,ABILITY_INFILTRATOR
SPECIES_AXEW,ABILITY_UNNERVE
SPECIES_FRAXURE,ABILITY_UNNERVE
SPECIES_HAXORUS,ABILITY_UNNERVE
SPECIES_CUBCHOO,ABILITY_RATTLED
SPECIES_BEARTIC,ABILITY_SWIFT_SWIM
SPECIES_CRYOGONAL,ABILITY_LEVITATE
SPECIES_SHELMET,ABILITY_OVERCOAT
SPECIES_ACCELGOR,ABILITY_UNBURDEN
SPECIES_STUNFISK,ABILITY_SAND_VEIL
SPECIES_MIENFOO,ABILITY_RECKLESS
SPECIES_MIENSHAO,ABILITY_RECKLESS
SPECIES_DRUDDIGON,ABILITY_MOLD_BREAKER
SPECIES_GOLETT,ABILITY_NO_GUARD
SPECIES_GOLURK,ABILITY_NO_GUARD
SPECIES_PAWNIARD,ABILITY_PRESSURE
SPECIES_BISHARP,ABILITY_PRESSURE
SPECIES_BOUFFALANT,ABILITY_SAP_SIPPER
SPECIES_RUFFLET,ABILITY_HUSTLE
SPECIES_BRAVIARY,ABILITY_DEFIANT
SPECIES_VULLABY,ABILITY_OVERCOAT
SPECIES_MANDIBUZZ,ABILITY_OVERCOAT
SPECIES_HEATMOR,ABILITY_WHITE_SMOKE
SPECIES_DURANT,ABILITY_TRUANT
SPECIES_DEINO,ABILITY_NONE
SPECIES_ZWEILOUS,ABILITY_NONE
SPECIES_HYDREIGON,ABILITY_NONE
SPECIES_LARVESTA,ABILITY_SWARM
SPECIES_VOLCARONA,ABILITY_SWARM
SPECIES_COBALION,ABILITY_JUSTIFIED
SPECIES_TERRAKION,ABILITY_JUSTIFIED
SPECIES_VIRIZION,ABILITY_JUSTIFIED
SPECIES_TORNADUS,ABILITY_DEFIANT
SPECIES_THUNDURUS,ABILITY_VOLT_ABSORB
SPECIES_RESHIRAM,ABILITY_TURBOBLAZE
SPECIES_ZEKROM,ABILITY_TERAVOLT
SPECIES_LANDORUS,ABILITY_SHEER_FORCE
SPECIES_KYUREM,ABILITY_NONE
SPECIES_KELDEO,ABILITY_JUSTIFIED
SPECIES_MELOETTA,ABILITY_SERENE_GRACE
SPECIES_CHESPIN,ABILITY_BULLETPROOF
SPECIES_QUILLADIN,ABILITY_BULLETPROOF
SPECIES_CHESNAUGHT,ABILITY_BULLETPROOF
SPECIES_FENNEKIN,ABILITY_MAGICIAN
SPECIES_BRAIXEN,ABILITY_MAGICIAN
SPECIES_DELPHOX,ABILITY_MAGICIAN
SPECIES_FROAKIE,ABILITY_PROTEAN
SPECIES_FROGADIER,ABILITY_PROTEAN
SPECIES_GRENINJA,ABILITY_PROTEAN
SPECIES_BUNNELBY,ABILITY_HUGE_POWER
SPECIES_DIGGERSBY,ABILITY_HUGE_POWER
SPECIES_FLETCHLING,ABILITY_GALE_WINGS
SPECIES_FLETCHINDER,ABILITY_GALE_WINGS
SPECIES_TALONFLAME,ABILITY_GALE_WINGS
SPECIES_SCATTERBUG,ABILITY_FRIEND_GUARD
SPECIES_SPEWPA,ABILITY_FRIEND_GUARD
SPECIES_VIVILLON,ABILITY_FRIEND_GUARD
SPECIES_LITLEO,ABILITY_MOXIE
SPECIES_PYROAR,ABILITY_MOXIE
SPECIES_FLABEBE,ABILITY_SYMBIOSIS
SPECIES_FLOETTE,ABILITY_SYMBIOSIS
SPECIES_FLORGES,ABILITY_SYMBIOSIS
SPECIES_SKIDDO,ABILITY_GRASS_PELT
SPECIES_GOGOAT,ABILITY_GRASS_PELT
SPECIES_PANCHAM,ABILITY_SCRAPPY
SPECIES_PANGORO,ABILITY_SCRAPPY
SPECIES_FURFROU,ABILITY_NONE
SPECIES_ESPURR,ABILITY_OWN_TEMPO
SPECIES_MEOWSTIC,ABILITY_PRANKSTER
SPECIES_HONEDGE,ABILITY_NONE
SPECIES_DOUBLADE,ABILITY_NONE
SPECIES_AEGISLASH,ABILITY_NONE
SPECIES_SPRITZEE,ABILITY_AROMA_VEIL
SPECIES_AROMATISSE,ABILITY_AROMA_VEIL
SPECIES_SWIRLIX,ABILITY_UNBURDEN
SPECIES_SLURPUFF,ABILITY_UNBURDEN
SPECIES_INKAY,ABILITY_INFILTRATOR
SPECIES_MALAMAR,ABILITY_INFILTRATOR
SPECIES_BINACLE,ABILITY_PICKPOCKET
SPECIES_BARBARACLE,ABILITY_PICKPOCKET
SPECIES_SKRELP,ABILITY_ADAPTABILITY
SPECIES_DRAGALGE,ABILITY_ADAPTABILITY
SPECIES_CLAUNCHER,ABILITY_NONE
SPECIES_CLAWITZER,ABILITY_NONE
SPECIES_HELIOPTILE,ABILITY_SOLAR_POWER
SPECIES_HELIOLISK,ABILITY_SOLAR_POWER
SPECIES_TYRUNT,ABILITY_STURDY
SPECIES_TYRANTRUM,ABILITY_STURDY
SPECIES_AMAURA,ABILITY_SNOW_WARNING
SPECIES_AURORUS,ABILITY_SNOW_WARNING
SPECIES_SYLVEON,ABILITY_PIXILATE
SPECIES_HAWLUCHA,ABILITY_MOLD_BREAKER
SPECIES_DEDENNE,ABILITY_PLUS
SPECIES_CARBINK,ABILITY_STURDY
SPECIES_GOOMY,ABILITY_GOOEY
SPECIES_SLIGGOO,ABILITY_GOOEY
SPECIES_GOODRA,ABILITY_GOOEY
SPECIES_KLEFKI,ABILITY_MAGICIAN
SPECIES_PHANTUMP,ABILITY_HARVEST
SPECIES_TREVENANT,ABILITY_HARVEST
SPECIES_PUMPKABOO,ABILITY_INSOMNIA
SPECIES_GOURGEIST,ABILITY_INSOMNIA
SPECIES_BERGMITE,ABILITY_STURDY
SPECIES_AVALUGG,ABILITY_STURDY
SPECIES_NOIBAT,ABILITY_TELEPATHY
SPECIES_NOIVERN,ABILITY_TELEPATHY
SPECIES_XERNEAS,ABILITY_NONE
SPECIES_YVELTAL,ABILITY_NONE
SPECIES_ZYGARDE,ABILITY_POWER_CONSTRUCT
SPECIES_DIANCIE,ABILITY_NONE
SPECIES_HOOPA,ABILITY_MAGICIAN
SPECIES_VOLCANION,ABILITY_NONE
SPECIES_ROWLET,ABILITY_LONG_REACH
SPECIES_DARTRIX,ABILITY_LONG_REACH
SPECIES_DECIDUEYE,ABILITY_LONG_REACH
SPECIES_LITTEN,ABILITY_INTIMIDATE
SPECIES_TORRACAT,ABILITY_INTIMIDATE
SPECIES_INCINEROAR,ABILITY_INTIMIDATE
SPECIES_POPPLIO,ABILITY_LIQUID_VOICE
SPECIES_BRIONNE,ABILITY_LIQUID_VOICE
SPECIES_PRIMARINA,ABILITY_LIQUID_VOICE
SPECIES_PIKIPEK,ABILITY_SKILL_LINK
SPECIES_TRUMBEAK,ABILITY_SKILL_LINK
SPECIES_TOUCANNON,ABILITY_SKILL_LINK
SPECIES_YUNGOOS,ABILITY_ADAPTABILITY
SPECIES_GUMSHOOS,ABILITY_ADAPTABILITY
SPECIES_GRUBBIN,ABILITY_NONE
SPECIES_CHARJABUG,ABILITY_NONE
SPECIES_VIKAVOLT,ABILITY_NONE
SPECIES_CRABRAWLER,ABILITY_IRON_FIST
SPECIES_CRABOMINABLE,ABILITY_IRON_FIST
SPECIES_ORICORIO,ABILITY_NONE
SPECIES_CUTIEFLY,ABILITY_SWEET_VEIL
SPECIES_RIBOMBEE,ABILITY_SWEET_VEIL
SPECIES_ROCKRUFF,ABILITY_STEADFAST
SPECIES_LYCANROC,ABILITY_TOUGH_CLAWS
SPECIES_WISHIWASHI,ABILITY_NONE
SPECIES_MAREANIE,ABILITY_REGENERATOR
SPECIES_TOXAPEX,ABILITY_REGENERATOR
SPECIES_MUDBRAY,ABILITY_INNER_FOCUS
SPECIES_MUDSDALE,ABILITY_INNER_FOCUS
SPECIES_DEWPIDER,ABILITY_WATER_BUBBLE
SPECIES_ARAQUANID,ABILITY_WATER_BUBBLE
SPECIES_FOMANTIS,ABILITY_CONTRARY
SPECIES_LURANTIS,ABILITY_CONTRARY
SPECIES_MORELULL,ABILITY_RAIN_DISH
SPECIES_SHIINOTIC,ABILITY_RAIN_DISH
SPECIES_SALANDIT,ABILITY_OBLIVIOUS
SPECIES_SALAZZLE,ABILITY_OBLIVIOUS
SPECIES_STUFFUL,ABILITY_KLUTZ
SPECIES_BEWEAR,ABILITY_KLUTZ
SPECIES_BOUNSWEET,ABILITY_SWEET_VEIL
SPECIES_STEENEE,ABILITY_SWEET_VEIL
SPECIES_TSAREENA,ABILITY_QUEENLY_MAJESTY
SPECIES_COMFEY,ABILITY_TRIAGE
SPECIES_ORANGURU,ABILITY_SYMBIOSIS
SPECIES_PASSIMIAN,ABILITY_DEFIANT
SPECIES_WIMPOD,ABILITY_GULP_MISSILE
SPECIES_GOLISOPOD,ABILITY_GULP_MISSILE
SPECIES_SANDYGAST,ABILITY_WATER_COMPACTION
SPECIES_PALOSSAND,ABILITY_WATER_COMPACTION
SPECIES_PYUKUMUKU,ABILITY_UNAWARE
SPECIES_TYPE_NULL,ABILITY_NONE
SPECIES_SILVALLY,ABILITY_NONE
SPECIES_MINIOR,ABILITY_NONE
SPECIES_KOMALA,ABILITY_NONE
SPECIES_TURTONATOR,ABILITY_NONE
SPECIES_TOGEDEMARU,ABILITY_STURDY
SPECIES_MIMIKYU,ABILITY_NONE
SPECIES_BRUXISH,ABILITY_DAZZLING
SPECIES_DRAMPA,ABILITY_SAP_SIPPER
SPECIES_DHELMISE,ABILITY_NONE
SPECIES_JANGMO_O,ABILITY_OVERCOAT
SPECIES_HAKAMO_O,ABILITY_OVERCOAT
SPECIES_KOMMO_O,ABILITY_OVERCOAT
SPECIES_TAPU_KOKO,ABILITY_NONE
SPECIES_TAPU_LELE,ABILITY_NONE
SPECIES_TAPU_BULU,ABILITY_NONE
SPECIES_TAPU_FINI,ABILITY_NONE
SPECIES_COSMOG,ABILITY_NONE
SPECIES_COSMOEM,ABILITY_NONE
SPECIES_SOLGALEO,ABILITY_NONE
SPECIES_LUNALA,ABILITY_NONE
SPECIES_NIHILEGO,ABILITY_NONE
SPECIES_BUZZWOLE,ABILITY_NONE
SPECIES_PHEROMOSA,ABILITY_NONE
SPECIES_XURKITREE,ABILITY_NONE
SPECIES_CELESTEELA,ABILITY_NONE
SPECIES_KARTANA,ABILITY_NONE
SPECIES_GUZZLORD,ABILITY_NONE
SPECIES_NECROZMA,ABILITY_NONE
SPECIES_MAGEARNA,ABILITY_NONE
SPECIES_MARSHADOW,ABILITY_NONE
SPECIES_POIPOLE,ABILITY_NONE
SPECIES_NAGANADEL,ABILITY_NONE
SPECIES_STAKATAKA,ABILITY_NONE
SPECIES_BLACEPHALON,ABILITY_NONE
SPECIES_ZERAORA,ABILITY_NONE
SPECIES_MELTAN,ABILITY_NONE
SPECIES_MELMETAL,ABILITY_NONE
SPECIES_GROOKEY,ABILITY_GRASSY_SURGE
SPECIES_THWACKEY,ABILITY_GRASSY_SURGE
SPECIES_RILLABOOM,ABILITY_GRASSY_SURGE
SPECIES_SCORBUNNY,ABILITY_LIBERO
SPECIES_RABOOT,ABILITY_LIBERO
SPECIES_CINDERACE,ABILITY_LIBERO
SPECIES_SOBBLE,ABILITY_SNIPER
SPECIES_DRIZZILE,ABILITY_SNIPER
SPECIES_INTELEON,ABILITY_SNIPER
SPECIES_SKWOVET,ABILITY_GLUTTONY
SPECIES_GREEDENT,ABILITY_GLUTTONY
SPECIES_ROOKIDEE,ABILITY_BIG_PECKS
SPECIES_CORVISQUIRE,ABILITY_BIG_PECKS
SPECIES_CORVIKNIGHT,ABILITY_MIRROR_ARMOR
SPECIES_BLIPBUG,ABILITY_TELEPATHY
SPECIES_DOTTLER,ABILITY_TELEPATHY
SPECIES_ORBEETLE,ABILITY_TELEPATHY
SPECIES_NICKIT,ABILITY_STAKEOUT
SPECIES_THIEVUL,ABILITY_STAKEOUT
SPECIES_GOSSIFLEUR,ABILITY_EFFECT_SPORE
SPECIES_ELDEGOSS,ABILITY_EFFECT_SPORE
SPECIES_WOOLOO,ABILITY_RUN_AWAY
SPECIES_DUBWOOL,ABILITY_GUARD_DOG
SPECIES_CHEWTLE,ABILITY_SWIFT_SWIM
SPECIES_DREDNAW,ABILITY_SWIFT_SWIM
SPECIES_YAMPER,ABILITY_RATTLED
SPECIES_BOLTUND,ABILITY_COMPETITIVE
SPECIES_ROLYCOLY,ABILITY_FLASH_FIRE
SPECIES_CARKOL,ABILITY_FLASH_FIRE
SPECIES_COALOSSAL,ABILITY_FLASH_FIRE
SPECIES_APPLIN,ABILITY_BULLETPROOF
SPECIES_FLAPPLE,ABILITY_HUSTLE
SPECIES_APPLETUN,ABILITY_THICK_FAT
SPECIES_SILICOBRA,ABILITY_SAND_VEIL
SPECIES_SANDACONDA,ABILITY_SAND_SPIT
SPECIES_CRAMORANT,ABILITY_NONE
SPECIES_ARROKUDA,ABILITY_PROPELLER_TAIL
SPECIES_BARRASKEWDA,ABILITY_PROPELLER_TAIL
SPECIES_TOXEL,ABILITY_KLUTZ
SPECIES_TOXTRICITY,ABILITY_TECHNICIAN
SPECIES_SIZZLIPEDE,ABILITY_FLASH_FIRE
SPECIES_CENTISKORCH,ABILITY_FLASH_FIRE
SPECIES_CLOBBOPUS,ABILITY_TECHNICIAN
SPECIES_GRAPPLOCT,ABILITY_TECHNICIAN
SPECIES_SINISTEA,ABILITY_CURSED_BODY
SPECIES_POLTEAGEIST,ABILITY_CURSED_BODY
SPECIES_HATENNA,ABILITY_MAGIC_BOUNCE
SPECIES_HATTREM,ABILITY_MAGIC_BOUNCE
SPECIES_HATTERENE,ABILITY_MAGIC_BOUNCE
SPECIES_IMPIDIMP,ABILITY_PICKPOCKET
SPECIES_MORGREM,ABILITY_PICKPOCKET
SPECIES_GRIMMSNARL,ABILITY_PICKPOCKET
SPECIES_OBSTAGOON,ABILITY_GUTS
SPECIES_PERRSERKER,ABILITY_STEELY_SPIRIT
SPECIES_CURSOLA,ABILITY_PERISH_BODY
SPECIES_SIRFETCHD,ABILITY_SCRAPPY
SPECIES_MR_RIME,ABILITY_ICE_BODY
SPECIES_RUNERIGUS,ABILITY_WANDERING_SPIRIT
SPECIES_MILCERY,ABILITY_AROMA_VEIL
SPECIES_ALCREMIE,ABILITY_AROMA_VEIL
SPECIES_FALINKS,ABILITY_NONE
SPECIES_PINCURCHIN,ABILITY_LIGHTNING_ROD
SPECIES_SNOM,ABILITY_ICE_SCALES
SPECIES_FROSMOTH,ABILITY_ICE_SCALES
SPECIES_STONJOURNER,ABILITY_NONE
SPECIES_EISCUE,ABILITY_NONE
SPECIES_INDEEDEE,ABILITY_PSYCHIC_SURGE
SPECIES_MORPEKO,ABILITY_NONE
SPECIES_CUFANT,ABILITY_HEAVY_METAL
SPECIES_COPPERAJAH,ABILITY_HEAVY_METAL
SPECIES_DRACOZOLT,ABILITY_NONE
SPECIES_ARCTOZOLT,ABILITY_NONE
SPECIES_DRACOVISH,ABILITY_NONE
SPECIES_ARCTOVISH,ABILITY_NONE
SPECIES_DURALUDON,ABILITY_STALWART
SPECIES_DREEPY,ABILITY_CURSED_BODY
SPECIES_DRAKLOAK,ABILITY_CURSED_BODY
SPECIES_DRAGAPULT,ABILITY_CURSED_BODY
SPECIES_ZACIAN,ABILITY_NONE
SPECIES_ZAMAZENTA,ABILITY_NONE
SPECIES_ETERNATUS,ABILITY_NONE
SPECIES_KUBFU,ABILITY_NONE
SPECIES_URSHIFU,ABILITY_NONE
SPECIES_ZARUDE,ABILITY_NONE
SPECIES_REGIELEKI,ABILITY_NONE
SPECIES_REGIDRAGO,ABILITY_NONE
SPECIES_GLASTRIER,ABILITY_NONE
SPECIES_SPECTRIER,ABILITY_NONE
SPECIES_CALYREX,ABILITY_NONE
SPECIES_WYRDEER,ABILITY_SAP_SIPPER
SPECIES_KLEAVOR,ABILITY_NONE
SPECIES_URSALUNA,ABILITY_BULLETPROOF
SPECIES_BASCULEGION,ABILITY_MOLD_BREAKER
SPECIES_SNEASLER,ABILITY_PRESSURE
SPECIES_OVERQWIL,ABILITY_INTIMIDATE
SPECIES_ENAMORUS,ABILITY_CONTRARY
SPECIES_SPRIGATITO,ABILITY_PROTEAN
SPECIES_FLORAGATO,ABILITY_PROTEAN
SPECIES_MEOWSCARADA,ABILITY_PROTEAN
SPECIES_FUECOCO,ABILITY_UNAWARE
SPECIES_CROCALOR,ABILITY_UNAWARE
SPECIES_SKELEDIRGE,ABILITY_UNAWARE
SPECIES_QUAXLY,ABILITY_MOXIE
SPECIES_QUAXWELL,ABILITY_MOXIE
SPECIES_QUAQUAVAL,ABILITY_MOXIE
SPECIES_LECHONK,ABILITY_THICK_FAT
SPECIES_OINKOLOGNE,ABILITY_THICK_FAT
SPECIES_TAROUNTULA,ABILITY_NONE
SPECIES_SPIDOPS,ABILITY_NONE
SPECIES_NYMBLE,ABILITY_TINTED_LENS
SPECIES_LOKIX,ABILITY_TINTED_LENS
SPECIES_PAWMI,ABILITY_NATURAL_CURE
SPECIES_PAWMO,ABILITY_NATURAL_CURE
SPECIES_PAWMOT,ABILITY_NATURAL_CURE
SPECIES_TANDEMAUS,ABILITY_OWN_TEMPO
SPECIES_MAUSHOLD,ABILITY_TECHNICIAN
SPECIES_FIDOUGH,ABILITY_OWN_TEMPO
SPECIES_DACHSBUN,ABILITY_AROMA_VEIL
SPECIES_SMOLIV,ABILITY_HARVEST
SPECIES_DOLLIV,ABILITY_HARVEST
SPECIES_ARBOLIVA,ABILITY_HARVEST
SPECIES_SQUAWKABILLY,ABILITY_NONE
SPECIES_NACLI,ABILITY_CLEAR_BODY
SPECIES_NACLSTACK,ABILITY_CLEAR_BODY
SPECIES_GARGANACL,ABILITY_CLEAR_BODY
SPECIES_CHARCADET,ABILITY_FLASH_FIRE
SPECIES_ARMAROUGE,ABILITY_WEAK_ARMOR
SPECIES_CERULEDGE,ABILITY_WEAK_ARMOR
SPECIES_TADBULB,ABILITY_DAMP
SPECIES_BELLIBOLT,ABILITY_DAMP
SPECIES_WATTREL,ABILITY_COMPETITIVE
SPECIES_KILOWATTREL,ABILITY_COMPETITIVE
SPECIES_MASCHIFF,ABILITY_INTIMIDATE
SPECIES_MABOSSTIFF,ABILITY_INTIMIDATE
SPECIES_SHROODLE,ABILITY_PRANKSTER
SPECIES_GRAFAIAI,ABILITY_PRANKSTER
SPECIES_BRAMBLIN,ABILITY_NONE
SPECIES_BRAMBLEGHAST,ABILITY_NONE
SPECIES_TOEDSCOOL,ABILITY_MYCELIUM_MIGHT
SPECIES_TOEDSCRUEL,ABILITY_MYCELIUM_MIGHT
SPECIES_KLAWF,ABILITY_ANGER_SHELL
SPECIES_CAPSAKID,ABILITY_CHLOROPHYLL
SPECIES_SCOVILLAIN,ABILITY_CHLOROPHYLL
SPECIES_RELLOR,ABILITY_NONE
SPECIES_RABSCA,ABILITY_NONE
SPECIES_FLITTLE,ABILITY_SPEED_BOOST
SPECIES_ESPATHRA,ABILITY_SPEED_BOOST
SPECIES_TINKATINK,ABILITY_MOLD_BREAKER
SPECIES_TINKATUFF,ABILITY_MOLD_BREAKER
SPECIES_TINKATON,ABILITY_MOLD_BREAKER
SPECIES_WIGLETT,ABILITY_SAND_VEIL
SPECIES_WUGTRIO,ABILITY_SAND_VEIL
SPECIES_BOMBIRDIER,ABILITY_ROCKY_PAYLOAD
SPECIES_FINIZEN,ABILITY_WATER_VEIL
SPECIES_PALAFIN,ABILITY_NONE
SPECIES_VAROOM,ABILITY_NONE
SPECIES_REVAVROOM,ABILITY_NONE
SPECIES_CYCLIZAR,ABILITY_REGENERATOR
SPECIES_ORTHWORM,ABILITY_SAND_VEIL
SPECIES_GLIMMET,ABILITY_CORROSION
SPECIES_GLIMMORA,ABILITY_CORROSION
SPECIES_GREAVARD,ABILITY_FLUFFY
SPECIES_HOUNDSTONE,ABILITY_FLUFFY
SPECIES_FLAMIGO,ABILITY_SCRAPPY
SPECIES_CETODDLE,ABILITY_SHEER_FORCE
SPECIES_CETITAN,ABILITY_SHEER_FORCE
SPECIES_VELUZA,ABILITY_MOLD_BREAKER
SPECIES_DONDOZO,ABILITY_OBLIVIOUS
SPECIES_TATSUGIRI,ABILITY_STORM_DRAIN
SPECIES_ANNIHILAPE,ABILITY_INNER_FOCUS
SPECIES_CLODSIRE,ABILITY_WATER_ABSORB
SPECIES_FARIGIRAF,ABILITY_CUD_CHEW
SPECIES_DUDUNSPARCE,ABILITY_RATTLED
SPECIES_KINGAMBIT,ABILITY_SUPREME_OVERLORD
SPECIES_GREAT_TUSK,ABILITY_NONE
SPECIES_SCREAM_TAIL,ABILITY_NONE
SPECIES_BRUTE_BONNET,ABILITY_NONE
SPECIES_FLUTTER_MANE,ABILITY_NONE
SPECIES_SLITHER_WING,ABILITY_NONE
SPECIES_SANDY_SHOCKS,ABILITY_NONE
SPECIES_IRON_TREADS,ABILITY_NONE
SPECIES_IRON_BUNDLE,ABILITY_NONE
SPECIES_IRON_HANDS,ABILITY_NONE
SPECIES_IRON_JUGULIS,ABILITY_NONE
SPECIES_IRON_MOTH,ABILITY_NONE
SPECIES_IRON_THORNS,ABILITY_NONE
SPECIES_FRIGIBAX,ABILITY_THERMAL_EXCHANGE
SPECIES_ARCTIBAX,ABILITY_THERMAL_EXCHANGE
SPECIES_BAXCALIBUR,ABILITY_THERMAL_EXCHANGE
SPECIES_GIMMIGHOUL,ABILITY_NONE
SPECIES_GHOLDENGO,ABILITY_NONE
SPECIES_WO_CHIEN,ABILITY_NONE
SPECIES_CHIEN_PAO,ABILITY_NONE
SPECIES_TING_LU,ABILITY_NONE
SPECIES_CHI_YU,ABILITY_NONE
SPECIES_ROARING_MOON,ABILITY_NONE
SPECIES_IRON_VALIANT,ABILITY_NONE
SPECIES_KORAIDON,ABILITY_NONE
SPECIES_MIRAIDON,ABILITY_NONE
SPECIES_WALKING_WAKE,ABILITY_NONE
SPECIES_IRON_LEAVES,ABILITY_NONE
SPECIES_MEOWTH_GALARIAN,ABILITY_UNNERVE
SPECIES_PONYTA_GALARIAN,ABILITY_ANTICIPATION
SPECIES_RAPIDASH_GALARIAN,ABILITY_ANTICIPATION
SPECIES_SLOWPOKE_GALARIAN,ABILITY_GLUTTONY
SPECIES_SLOWBRO_GALARIAN,ABILITY_GLUTTONY
SPECIES_FARFETCHD_GALARIAN,ABILITY_NONE
SPECIES_WEEZING_GALARIAN,ABILITY_NEUTRALIZING_GAS
SPECIES_MR_MIME_GALARIAN,ABILITY_ICE_BODY
SPECIES_ARTICUNO_GALARIAN,ABILITY_NONE
SPECIES_ZAPDOS_GALARIAN,ABILITY_NONE
SPECIES_MOLTRES_GALARIAN,ABILITY_NONE
SPECIES_SLOWKING_GALARIAN,ABILITY_GLUTTONY
SPECIES_CORSOLA_GALARIAN,ABILITY_NONE
SPECIES_ZIGZAGOON_GALARIAN,ABILITY_QUICK_FEET
SPECIES_LINOONE_GALARIAN,ABILITY_QUICK_FEET
SPECIES_DARUMAKA_GALARIAN,ABILITY_INNER_FOCUS
SPECIES_DARMANITAN_GALARIAN,ABILITY_ZEN_MODE
SPECIES_YAMASK_GALARIAN,ABILITY_NONE
SPECIES_STUNFISK_GALARIAN,ABILITY_NONE
SPECIES_GROWLITHE_HISUIAN,ABILITY_NONE
SPECIES_ARCANINE_HISUIAN,ABILITY_NONE
SPECIES_VOLTORB_HISUIAN,ABILITY_NONE
SPECIES_ELECTRODE_HISUIAN,ABILITY_NONE
SPECIES_TYPHLOSION_HISUIAN,ABILITY_NONE
SPECIES_QWILFISH_HISUIAN,ABILITY_INTIMIDATE
SPECIES_SNEASEL_HISUIAN,ABILITY_PICKPOCKET
SPECIES_SAMUROTT_HISUIAN,ABILITY_SHARPNESS
SPECIES_LILLIGANT_HISUIAN,ABILITY_HUSTLE
SPECIES_ZORUA_HISUIAN,ABILITY_NONE
SPECIES_ZOROARK_HISUIAN,ABILITY_NONE
SPECIES_BRAVIARY_HISUIAN,ABILITY_NONE
SPECIES_SLIGGOO_HISUIAN,ABILITY_GOOEY
SPECIES_GOODRA_HISUIAN,ABILITY_GOOEY
SPECIES_AVALUGG_HISUIAN,ABILITY_NONE
SPECIES_DECIDUEYE_HISUIAN,ABILITY_LONG_REACH
